"","Date.of.Patch_HOToto","Date.Release","lunar.day","coral.id","Timepoint","Treatment.1","Treatment.2","treat.zone","Treat.zone.2","Reef","Larval_No","Length_1","Width_1","Volume_1","Length_2","Width_2","Shape_class"
"1",20170713,20170713,-10,"P1","T1","Ambient","N/A","Patch_AMB","N/A","Patch",1,0.671,0.649,0.15597426,0.671,0.649,"Circular"
"2",20170713,20170713,-10,"P1","T1","Ambient","N/A","Patch_AMB","N/A","Patch",2,0.59,0.549,0.08629134,0.59,0.549,"Circular"
"3",20170713,20170713,-10,"P1","T1","Ambient","N/A","Patch_AMB","N/A","Patch",3,0.737,0.701,0.219527793,0.737,0.701,"Circular"
"4",20170713,20170713,-10,"P1","T1","Ambient","N/A","Patch_AMB","N/A","Patch",4,0.729,0.73,0.232926701,0.729,0.73,"Circular"
"5",20170713,20170713,-10,"P1","T1","Ambient","N/A","Patch_AMB","N/A","Patch",5,0.671,0.589,0.128467753,0.671,0.589,"Circular"
"6",20170713,20170713,-10,"P1","T1","Ambient","N/A","Patch_AMB","N/A","Patch",6,0.895,0.682,0.306431438,0.895,0.682,"Circular"
"7",20170713,20170713,-10,"P1","T1","Ambient","N/A","Patch_AMB","N/A","Patch",7,0.732,0.577,0.146721003,0.732,0.577,"Circular"
"8",20170713,20170713,-10,"P1","T1","Ambient","N/A","Patch_AMB","N/A","Patch",8,0.602,0.6,0.107303523,0.602,0.6,"Circular"
"9",20170713,20170713,-10,"P1","T1","Ambient","N/A","Patch_AMB","N/A","Patch",9,0.609,0.595,0.107990864,0.609,0.595,"Circular"
"10",20170713,20170713,-10,"P1","T1","Ambient","N/A","Patch_AMB","N/A","Patch",10,0.753,0.69,0.222027431,0.753,0.69,"Circular"
"11",20170713,20170713,-10,"P2","T1","Ambient","N/A","Patch_AMB","N/A","Patch",1,0.96,0.882,0.589655204,0.96,0.882,"Circular"
"12",20170713,20170713,-10,"P2","T1","Ambient","N/A","Patch_AMB","N/A","Patch",2,0.64,0.545,0.100062524,0.64,0.545,"Circular"
"13",20170713,20170713,-10,"P2","T1","Ambient","N/A","Patch_AMB","N/A","Patch",3,0.816,0.367,0.073761705,0.816,0.367,"Pear"
"14",20170713,20170713,-10,"P2","T1","Ambient","N/A","Patch_AMB","N/A","Patch",4,0.792,0.773,0.308267578,0.792,0.773,"Circular"
"15",20170713,20170713,-10,"P2","T1","Ambient","N/A","Patch_AMB","N/A","Patch",5,0.565,0.57,0.085303157,0.565,0.57,"Circular"
"16",20170713,20170713,-10,"P2","T1","Ambient","N/A","Patch_AMB","N/A","Patch",6,1.021,0.507,0.220386964,1.021,0.507,"Pear"
"17",20170713,20170713,-10,"P2","T1","Ambient","N/A","Patch_AMB","N/A","Patch",7,0.613,0.48,0.071206874,0.613,0.48,"Circular"
"18",20170713,20170713,-10,"P2","T1","Ambient","N/A","Patch_AMB","N/A","Patch",8,0.885,0.797,0.409186864,0.885,0.797,"Circular"
"19",20170713,20170713,-10,"P2","T1","Ambient","N/A","Patch_AMB","N/A","Patch",9,1.326,0.474,0.324909366,1.326,0.474,"Pear"
"20",20170713,20170713,-10,"P2","T1","Ambient","N/A","Patch_AMB","N/A","Patch",10,1.236,0.511,0.328093209,1.236,0.511,"Pear"
"21",20170713,20170713,-10,"P5","T1","Ambient","N/A","Patch_AMB","N/A","Patch",1,0.954,0.924,0.639085834,0.954,0.924,"Circular"
"22",20170713,20170713,-10,"P5","T1","Ambient","N/A","Patch_AMB","N/A","Patch",2,1.045,0.549,0.270704683,1.045,0.549,"Pear"
"23",20170713,20170713,-10,"P5","T1","Ambient","N/A","Patch_AMB","N/A","Patch",3,1.022,0.69,0.408995446,1.022,0.69,"Circular"
"24",20170713,20170713,-10,"P5","T1","Ambient","N/A","Patch_AMB","N/A","Patch",4,0.842,0.852,0.423274272,0.842,0.852,"Circular"
"25",20170713,20170713,-10,"P5","T1","Ambient","N/A","Patch_AMB","N/A","Patch",5,0.942,0.877,0.5613316,0.942,0.877,"Circular"
"26",20170713,20170713,-10,"P5","T1","Ambient","N/A","Patch_AMB","N/A","Patch",6,0.937,0.962,0.66826363,0.937,0.962,"Circular"
"27",20170713,20170713,-10,"P5","T1","Ambient","N/A","Patch_AMB","N/A","Patch",7,0.704,0.682,0.189597483,0.704,0.682,"Circular"
"28",20170713,20170713,-10,"P5","T1","Ambient","N/A","Patch_AMB","N/A","Patch",8,0.728,0.778,0.263839887,0.728,0.778,"Circular"
"29",20170713,20170713,-10,"P5","T1","Ambient","N/A","Patch_AMB","N/A","Patch",9,0.894,0.575,0.217334777,0.894,0.575,"Circular"
"30",20170713,20170713,-10,"P5","T1","Ambient","N/A","Patch_AMB","N/A","Patch",10,0.798,0.823,0.354751265,0.823,0.798,"Circular"
"31",20170713,20170713,-10,"P6","T1","Ambient","N/A","Patch_AMB","N/A","Patch",1,0.952,0.79,0.465207362,0.952,0.79,"Circular"
"32",20170713,20170713,-10,"P6","T1","Ambient","N/A","Patch_AMB","N/A","Patch",2,0.818,0.813,0.363752677,0.818,0.813,"Circular"
"33",20170713,20170713,-10,"P6","T1","Ambient","N/A","Patch_AMB","N/A","Patch",3,0.851,0.743,0.328817745,0.851,0.743,"Circular"
"34",20170713,20170713,-10,"P6","T1","Ambient","N/A","Patch_AMB","N/A","Patch",4,0.843,0.712,0.296301354,0.843,0.712,"Circular"
"35",20170713,20170713,-10,"P6","T1","Ambient","N/A","Patch_AMB","N/A","Patch",5,0.739,0.812,0.296155249,0.812,0.739,"Circular"
"36",20170713,20170713,-10,"P6","T1","Ambient","N/A","Patch_AMB","N/A","Patch",6,0.761,0.699,0.232724531,0.761,0.699,"Circular"
"37",20170713,20170713,-10,"P6","T1","Ambient","N/A","Patch_AMB","N/A","Patch",7,0.755,0.771,0.278689854,0.771,0.755,"Circular"
"38",20170713,20170713,-10,"P6","T1","Ambient","N/A","Patch_AMB","N/A","Patch",8,0.802,0.806,0.343666595,0.806,0.802,"Circular"
"39",20170713,20170713,-10,"P6","T1","Ambient","N/A","Patch_AMB","N/A","Patch",9,0.766,0.738,0.262838368,0.766,0.738,"Circular"
"40",20170713,20170713,-10,"P6","T1","Ambient","N/A","Patch_AMB","N/A","Patch",10,0.783,0.749,0.282882225,0.783,0.749,"Circular"
"41",20170714,20170714,-9,"P1","T1","Ambient","N/A","Patch_AMB","N/A","Patch",1,0.599,0.567,0.094872045,0.599,0.567,"Circular"
"42",20170714,20170714,-9,"P1","T1","Ambient","N/A","Patch_AMB","N/A","Patch",2,0.7,0.717,0.207182415,0.717,0.7,"Circular"
"43",20170714,20170714,-9,"P1","T1","Ambient","N/A","Patch_AMB","N/A","Patch",3,0.721,0.719,0.221027753,0.721,0.719,"Circular"
"44",20170714,20170714,-9,"P1","T1","Ambient","N/A","Patch_AMB","N/A","Patch",4,0.754,0.774,0.280119352,0.774,0.754,"Circular"
"45",20170714,20170714,-9,"P1","T1","Ambient","N/A","Patch_AMB","N/A","Patch",5,0.7,0.672,0.181992347,0.7,0.672,"Circular"
"46",20170714,20170714,-9,"P1","T1","Ambient","N/A","Patch_AMB","N/A","Patch",6,0.879,0.689,0.301671785,0.879,0.689,"Circular"
"47",20170714,20170714,-9,"P1","T1","Ambient","N/A","Patch_AMB","N/A","Patch",7,0.66,0.525,0.098747243,0.66,0.525,"Circular"
"48",20170714,20170714,-9,"P1","T1","Ambient","N/A","Patch_AMB","N/A","Patch",8,0.77,0.714,0.24859728,0.77,0.714,"Circular"
"49",20170714,20170714,-9,"P1","T1","Ambient","N/A","Patch_AMB","N/A","Patch",9,0.755,0.735,0.253271942,0.755,0.735,"Circular"
"50",20170714,20170714,-9,"P1","T1","Ambient","N/A","Patch_AMB","N/A","Patch",10,0.673,0.657,0.160797528,0.673,0.657,"Circular"
"51",20170714,20170714,-9,"P3","T1","Ambient","N/A","Patch_AMB","N/A","Patch",1,0.975,0.876,0.599978853,0.975,0.876,"Circular"
"52",20170714,20170714,-9,"P3","T1","Ambient","N/A","Patch_AMB","N/A","Patch",2,0.801,0.816,0.351369329,0.801,0.816,"Circular"
"53",20170714,20170714,-9,"P3","T1","Ambient","N/A","Patch_AMB","N/A","Patch",3,0.84,0.888,0.457617899,0.888,0.84,"Circular"
"54",20170714,20170714,-9,"P3","T1","Ambient","N/A","Patch_AMB","N/A","Patch",4,0.744,0.753,0.258139416,0.753,0.744,"Circular"
"55",20170714,20170714,-9,"P3","T1","Ambient","N/A","Patch_AMB","N/A","Patch",5,0.644,0.886,0.267767385,0.886,0.644,"Circular"
"56",20170714,20170714,-9,"P3","T1","Ambient","N/A","Patch_AMB","N/A","Patch",6,0.801,0.817,0.352231056,0.817,0.801,"Circular"
"57",20170714,20170714,-9,"P3","T1","Ambient","N/A","Patch_AMB","N/A","Patch",7,0.87,0.706,0.310289019,0.87,0.706,"Circular"
"58",20170714,20170714,-9,"P3","T1","Ambient","N/A","Patch_AMB","N/A","Patch",8,0.707,0.657,0.177454929,0.707,0.657,"Circular"
"59",20170714,20170714,-9,"P3","T1","Ambient","N/A","Patch_AMB","N/A","Patch",9,0.753,0.745,0.258833805,0.753,0.745,"Circular"
"60",20170714,20170714,-9,"P3","T1","Ambient","N/A","Patch_AMB","N/A","Patch",10,0.694,0.74,0.216920641,0.74,0.694,"Circular"
"61",20170714,20170714,-9,"P4","T1","Ambient","N/A","Patch_AMB","N/A","Patch",1,0.758,0.499,0.1176679,0.758,0.499,"Circular"
"62",20170714,20170714,-9,"P4","T1","Ambient","N/A","Patch_AMB","N/A","Patch",2,0.825,0.555,0.172429815,0.825,0.555,"Circular"
"63",20170714,20170714,-9,"P4","T1","Ambient","N/A","Patch_AMB","N/A","Patch",3,0.722,0.663,0.188460332,0.722,0.663,"Circular"
"64",20170714,20170714,-9,"P4","T1","Ambient","N/A","Patch_AMB","N/A","Patch",4,0.898,0.589,0.230092129,0.898,0.589,"Circular"
"65",20170714,20170714,-9,"P4","T1","Ambient","N/A","Patch_AMB","N/A","Patch",5,0.791,0.603,0.187113917,0.791,0.603,"Circular"
"66",20170714,20170714,-9,"P4","T1","Ambient","N/A","Patch_AMB","N/A","Patch",6,0.736,0.446,0.088622469,0.736,0.446,"Circular"
"67",20170714,20170714,-9,"P4","T1","Ambient","N/A","Patch_AMB","N/A","Patch",7,0.741,0.853,0.328588967,0.853,0.741,"Circular"
"68",20170714,20170714,-9,"P4","T1","Ambient","N/A","Patch_AMB","N/A","Patch",8,0.891,0.843,0.464011834,0.891,0.843,"Circular"
"69",20170714,20170714,-9,"P4","T1","Ambient","N/A","Patch_AMB","N/A","Patch",9,0.645,0.891,0.271639759,0.891,0.645,"Circular"
"70",20170714,20170714,-9,"P4","T1","Ambient","N/A","Patch_AMB","N/A","Patch",10,0.747,0.754,0.260917011,0.754,0.747,"Circular"
"71",20170714,20170714,-9,"P7","T1","Ambient","N/A","Patch_AMB","N/A","Patch",1,0.827,0.704,0.278788488,0.827,0.704,"Circular"
"72",20170714,20170714,-9,"P7","T1","Ambient","N/A","Patch_AMB","N/A","Patch",2,0.844,0.875,0.448558921,0.875,0.844,"Circular"
"73",20170714,20170714,-9,"P7","T1","Ambient","N/A","Patch_AMB","N/A","Patch",3,0.399,0.4,0.020950012,0.399,0.4,"Circular"
"74",20170714,20170714,-9,"P7","T1","Ambient","N/A","Patch_AMB","N/A","Patch",4,0.733,0.734,0.238077618,0.734,0.733,"Circular"
"75",20170714,20170714,-9,"P7","T1","Ambient","N/A","Patch_AMB","N/A","Patch",5,0.641,0.492,0.081802159,0.641,0.492,"Circular"
"76",20170714,20170714,-9,"P7","T1","Ambient","N/A","Patch_AMB","N/A","Patch",6,0.969,0.567,0.248274532,0.969,0.567,"Pear"
"77",20170714,20170714,-9,"P7","T1","Ambient","N/A","Patch_AMB","N/A","Patch",7,0.702,0.642,0.16705627,0.702,0.642,"Circular"
"78",20170714,20170714,-9,"P7","T1","Ambient","N/A","Patch_AMB","N/A","Patch",8,0.713,0.704,0.207225348,0.713,0.704,"Circular"
"79",20170714,20170714,-9,"P7","T1","Ambient","N/A","Patch_AMB","N/A","Patch",9,0.595,0.604,0.106224894,0.604,0.595,"Circular"
"80",20170714,20170714,-9,"P7","T1","Ambient","N/A","Patch_AMB","N/A","Patch",10,0.889,0.768,0.383393249,0.889,0.768,"Circular"
"81",20170715,20170715,-8,"P1","T1","Ambient","N/A","Patch_AMB","N/A","Patch",1,0.867,0.859,0.456187123,0.867,0.859,"Circular"
"82",20170715,20170715,-8,"P1","T1","Ambient","N/A","Patch_AMB","N/A","Patch",2,0.825,0.803,0.360958678,0.825,0.803,"Circular"
"83",20170715,20170715,-8,"P1","T1","Ambient","N/A","Patch_AMB","N/A","Patch",3,0.831,0.789,0.353569304,0.831,0.789,"Circular"
"84",20170715,20170715,-8,"P1","T1","Ambient","N/A","Patch_AMB","N/A","Patch",4,0.807,0.927,0.460283108,0.927,0.807,"Circular"
"85",20170715,20170715,-8,"P1","T1","Ambient","N/A","Patch_AMB","N/A","Patch",5,0.768,0.734,0.261356352,0.768,0.734,"Circular"
"86",20170715,20170715,-8,"P1","T1","Ambient","N/A","Patch_AMB","N/A","Patch",6,0.765,0.694,0.231825022,0.765,0.694,"Circular"
"87",20170715,20170715,-8,"P1","T1","Ambient","N/A","Patch_AMB","N/A","Patch",7,0.758,0.623,0.18341422,0.758,0.623,"Circular"
"88",20170715,20170715,-8,"P1","T1","Ambient","N/A","Patch_AMB","N/A","Patch",8,0.604,0.773,0.179288059,0.773,0.604,"Circular"
"89",20170715,20170715,-8,"P1","T1","Ambient","N/A","Patch_AMB","N/A","Patch",9,0.778,0.962,0.46071021,0.962,0.778,"Circular"
"90",20170715,20170715,-8,"P1","T1","Ambient","N/A","Patch_AMB","N/A","Patch",10,0.887,0.879,0.499969474,0.887,0.879,"Circular"
"91",20170715,20170715,-8,"P2","T1","Ambient","N/A","Patch_AMB","N/A","Patch",1,0.741,0.609,0.167490238,0.741,0.609,"Circular"
"92",20170715,20170715,-8,"P2","T1","Ambient","N/A","Patch_AMB","N/A","Patch",2,0.645,1.021,0.356688751,1.021,0.645,"Circular"
"93",20170715,20170715,-8,"P2","T1","Ambient","N/A","Patch_AMB","N/A","Patch",3,0.67,0.598,0.132029346,0.67,0.598,"Circular"
"94",20170715,20170715,-8,"P2","T1","Ambient","N/A","Patch_AMB","N/A","Patch",4,0.706,0.702,0.202023609,0.706,0.702,"Circular"
"95",20170715,20170715,-8,"P2","T1","Ambient","N/A","Patch_AMB","N/A","Patch",5,0.836,0.724,0.301306282,0.836,0.724,"Circular"
"96",20170715,20170715,-8,"P2","T1","Ambient","N/A","Patch_AMB","N/A","Patch",6,0.748,0.59,0.160186428,0.748,0.59,"Circular"
"97",20170715,20170715,-8,"P2","T1","Ambient","N/A","Patch_AMB","N/A","Patch",7,0.952,0.826,0.508572052,0.952,0.826,"Circular"
"98",20170715,20170715,-8,"P2","T1","Ambient","N/A","Patch_AMB","N/A","Patch",8,0.847,0.75,0.331900454,0.847,0.75,"Circular"
"99",20170715,20170715,-8,"P2","T1","Ambient","N/A","Patch_AMB","N/A","Patch",9,0.756,0.416,0.081348351,0.756,0.416,"Circular"
"100",20170715,20170715,-8,"P2","T1","Ambient","N/A","Patch_AMB","N/A","Patch",10,0.679,0.574,0.124934342,0.679,0.574,"Circular"
"101",20170715,20170715,-8,"P3","T1","Ambient","N/A","Patch_AMB","N/A","Patch",1,0.631,0.627,0.128739643,0.631,0.627,"Circular"
"102",20170715,20170715,-8,"P3","T1","Ambient","N/A","Patch_AMB","N/A","Patch",2,0.756,0.706,0.23429957,0.756,0.706,"Circular"
"103",20170715,20170715,-8,"P3","T1","Ambient","N/A","Patch_AMB","N/A","Patch",3,0.895,0.66,0.286980535,0.895,0.66,"Circular"
"104",20170715,20170715,-8,"P3","T1","Ambient","N/A","Patch_AMB","N/A","Patch",4,0.731,0.737,0.238719683,0.737,0.731,"Circular"
"105",20170715,20170715,-8,"P3","T1","Ambient","N/A","Patch_AMB","N/A","Patch",5,0.615,0.577,0.103566752,0.615,0.577,"Circular"
"106",20170715,20170715,-8,"P3","T1","Ambient","N/A","Patch_AMB","N/A","Patch",6,0.637,0.664,0.147140939,0.664,0.637,"Circular"
"107",20170715,20170715,-8,"P3","T1","Ambient","N/A","Patch_AMB","N/A","Patch",7,0.63,0.671,0.146975396,0.671,0.63,"Circular"
"108",20170715,20170715,-8,"P3","T1","Ambient","N/A","Patch_AMB","N/A","Patch",8,0.589,0.649,0.120181739,0.649,0.589,"Circular"
"109",20170715,20170715,-8,"P3","T1","Ambient","N/A","Patch_AMB","N/A","Patch",9,0.634,0.691,0.157853098,0.691,0.634,"Circular"
"110",20170715,20170715,-8,"P3","T1","Ambient","N/A","Patch_AMB","N/A","Patch",10,0.794,0.894,0.414414118,0.894,0.794,"Circular"
"111",20170715,20170715,-8,"P5","T1","Ambient","N/A","Patch_AMB","N/A","Patch",1,0.862,0.931,0.529702952,0.931,0.862,"Circular"
"112",20170715,20170715,-8,"P5","T1","Ambient","N/A","Patch_AMB","N/A","Patch",2,0.918,0.972,0.654841797,0.972,0.918,"Circular"
"113",20170715,20170715,-8,"P5","T1","Ambient","N/A","Patch_AMB","N/A","Patch",3,1.026,1.175,1.195333123,1.175,1.051,"Circular"
"114",20170715,20170715,-8,"P5","T1","Ambient","N/A","Patch_AMB","N/A","Patch",4,0.714,0.661,0.183196783,0.714,0.661,"Circular"
"115",20170715,20170715,-8,"P5","T1","Ambient","N/A","Patch_AMB","N/A","Patch",5,0.958,0.948,0.678369311,0.958,0.948,"Circular"
"116",20170715,20170715,-8,"P5","T1","Ambient","N/A","Patch_AMB","N/A","Patch",6,0.808,0.722,0.279908197,0.808,0.722,"Circular"
"117",20170715,20170715,-8,"P5","T1","Ambient","N/A","Patch_AMB","N/A","Patch",7,0.932,0.864,0.533307645,0.932,0.864,"Circular"
"118",20170715,20170715,-8,"P5","T1","Ambient","N/A","Patch_AMB","N/A","Patch",8,0.458,0.418,0.030144079,0.458,0.418,"Circular"
"119",20170715,20170715,-8,"P5","T1","Ambient","N/A","Patch_AMB","N/A","Patch",9,0.765,0.834,0.334790766,0.834,0.765,"Circular"
"120",20170715,20170715,-8,"P5","T1","Ambient","N/A","Patch_AMB","N/A","Patch",10,0.914,0.989,0.672052922,0.989,0.914,"Circular"
"121",20170715,20170715,-8,"P10","T1","Ambient","N/A","Patch_AMB","N/A","Patch",1,0.711,0.693,0.199675219,0.711,0.693,"Irregular"
"122",20170715,20170715,-8,"P10","T1","Ambient","N/A","Patch_AMB","N/A","Patch",2,0.954,0.827,0.511948492,0.954,0.827,"Circular"
"123",20170715,20170715,-8,"P10","T1","Ambient","N/A","Patch_AMB","N/A","Patch",3,0.895,0.764,0.384548647,0.895,0.764,"Circular"
"124",20170715,20170715,-8,"P10","T1","Ambient","N/A","Patch_AMB","N/A","Patch",4,0.678,0.871,0.286823147,0.871,0.678,"Circular"
"125",20170715,20170715,-8,"P10","T1","Ambient","N/A","Patch_AMB","N/A","Patch",5,1.025,0.99,0.846908749,1.032,0.976,"Circular"
"126",20170715,20170715,-8,"P10","T1","Ambient","N/A","Patch_AMB","N/A","Patch",6,1.002,0.992,0.812600877,1.007,0.988,"Circular"
"127",20170715,20170715,-8,"P10","T1","Ambient","N/A","Patch_AMB","N/A","Patch",7,0.948,0.987,0.720061315,0.987,0.948,"Circular"
"128",20170715,20170715,-8,"P10","T1","Ambient","N/A","Patch_AMB","N/A","Patch",8,0.689,0.699,0.190770534,0.699,0.689,"Circular"
"129",20170715,20170715,-8,"P10","T1","Ambient","N/A","Patch_AMB","N/A","Patch",9,0.801,0.794,0.332678348,0.801,0.794,"Circular"
"130",20170715,20170715,-8,"P10","T1","Ambient","N/A","Patch_AMB","N/A","Patch",10,0.732,0.798,0.280637979,0.798,0.732,"Irregular"
"131",20170716,20170716,-7,"P1","T1","Ambient","N/A","Patch_AMB","N/A","Patch",1,0.761,0.808,0.310964301,0.808,0.761,"Circular"
"132",20170716,20170716,-7,"P1","T1","Ambient","N/A","Patch_AMB","N/A","Patch",2,0.613,0.707,0.15448214,0.707,0.613,"Circular"
"133",20170716,20170716,-7,"P1","T1","Ambient","N/A","Patch_AMB","N/A","Patch",3,0.714,0.779,0.254442608,0.779,0.714,"Circular"
"134",20170716,20170716,-7,"P1","T1","Ambient","N/A","Patch_AMB","N/A","Patch",4,0.713,0.703,0.206637058,0.713,0.703,"Circular"
"135",20170716,20170716,-7,"P1","T1","Ambient","N/A","Patch_AMB","N/A","Patch",5,0.776,0.769,0.292883308,0.776,0.769,"Circular"
"136",20170716,20170716,-7,"P1","T1","Ambient","N/A","Patch_AMB","N/A","Patch",6,0.813,0.785,0.334995447,0.813,0.785,"Circular"
"137",20170716,20170716,-7,"P1","T1","Ambient","N/A","Patch_AMB","N/A","Patch",7,0.691,0.719,0.203016985,0.719,0.691,"Circular"
"138",20170716,20170716,-7,"P1","T1","Ambient","N/A","Patch_AMB","N/A","Patch",8,0.904,0.787,0.41629848,0.904,0.787,"Circular"
"139",20170716,20170716,-7,"P1","T1","Ambient","N/A","Patch_AMB","N/A","Patch",9,0.858,0.851,0.438482429,0.858,0.851,"Circular"
"140",20170716,20170716,-7,"P1","T1","Ambient","N/A","Patch_AMB","N/A","Patch",10,1.323,0.522,0.392264669,1.323,0.522,"Pear"
"141",20170716,20170716,-7,"P3","T1","Ambient","N/A","Patch_AMB","N/A","Patch",1,0.685,0.802,0.248226634,0.802,0.685,"Irregular"
"142",20170716,20170716,-7,"P3","T1","Ambient","N/A","Patch_AMB","N/A","Patch",2,0.724,0.857,0.316633802,0.857,0.724,"Irregular"
"143",20170716,20170716,-7,"P3","T1","Ambient","N/A","Patch_AMB","N/A","Patch",3,1.116,0.877,0.7878546,1.116,0.877,"Irregular"
"144",20170716,20170716,-7,"P3","T1","Ambient","N/A","Patch_AMB","N/A","Patch",4,0.684,0.733,0.206746731,0.733,0.684,"Irregular"
"145",20170716,20170716,-7,"P3","T1","Ambient","N/A","Patch_AMB","N/A","Patch",5,0.75,0.807,0.301292344,0.807,0.75,"Circular"
"146",20170716,20170716,-7,"P3","T1","Ambient","N/A","Patch_AMB","N/A","Patch",6,1.015,0.826,0.578110262,1.015,0.826,"Circular"
"147",20170716,20170716,-7,"P3","T1","Ambient","N/A","Patch_AMB","N/A","Patch",7,1.057,1.071,1.054016515,1.071,1.035,"Circular"
"148",20170716,20170716,-7,"P3","T1","Ambient","N/A","Patch_AMB","N/A","Patch",8,1.077,0.984,0.923719481,1.083,0.93,"Circular"
"149",20170716,20170716,-7,"P3","T1","Ambient","N/A","Patch_AMB","N/A","Patch",9,0.912,1.015,0.704758399,1.015,0.912,"Circular"
"150",20170716,20170716,-7,"P3","T1","Ambient","N/A","Patch_AMB","N/A","Patch",10,0.939,0.771,0.431080562,0.939,0.771,"Circular"
"151",20170716,20170716,-7,"P10","T1","Ambient","N/A","Patch_AMB","N/A","Patch",1,0.516,0.527,0.06081898,0.527,0.516,"Circular"
"152",20170716,20170716,-7,"P10","T1","Ambient","N/A","Patch_AMB","N/A","Patch",2,0.79,0.821,0.345986375,0.821,0.79,"Circular"
"153",20170716,20170716,-7,"P10","T1","Ambient","N/A","Patch_AMB","N/A","Patch",3,0.768,0.826,0.330979453,0.826,0.768,"Circular"
"154",20170716,20170716,-7,"P10","T1","Ambient","N/A","Patch_AMB","N/A","Patch",4,0.78,0.867,0.376136864,0.867,0.78,"Circular"
"155",20170716,20170716,-7,"P10","T1","Ambient","N/A","Patch_AMB","N/A","Patch",5,0.714,0.696,0.20311098,0.714,0.696,"Circular"
"156",20170716,20170716,-7,"P10","T1","Ambient","N/A","Patch_AMB","N/A","Patch",6,0.7,0.805,0.261159808,0.805,0.7,"Circular"
"157",20170716,20170716,-7,"P10","T1","Ambient","N/A","Patch_AMB","N/A","Patch",7,0.815,0.919,0.461386348,0.919,0.815,"Circular"
"158",20170716,20170716,-7,"P10","T1","Ambient","N/A","Patch_AMB","N/A","Patch",8,0.894,0.762,0.381683582,0.894,0.762,"Circular"
"159",20170716,20170716,-7,"P10","T1","Ambient","N/A","Patch_AMB","N/A","Patch",9,0.939,0.889,0.573130084,0.939,0.889,"Circular"
"160",20170716,20170716,-7,"P10","T1","Ambient","N/A","Patch_AMB","N/A","Patch",10,0.826,0.855,0.410214326,0.855,0.826,"Circular"
"161",20170717,20170717,-6,"P2","T1","Ambient","N/A","Patch_AMB","N/A","Patch",1,0.905,0.532,0.190650927,0.905,0.532,"Circular"
"162",20170717,20170717,-6,"P2","T1","Ambient","N/A","Patch_AMB","N/A","Patch",2,0.952,0.388,0.112216275,0.952,0.388,"Pear"
"163",20170717,20170717,-6,"P2","T1","Ambient","N/A","Patch_AMB","N/A","Patch",3,0.861,0.902,0.49606419,0.902,0.861,"Circular"
"164",20170717,20170717,-6,"P2","T1","Ambient","N/A","Patch_AMB","N/A","Patch",4,0.46,0.477,0.039597788,0.477,0.46,"Circular"
"165",20170717,20170717,-6,"P2","T1","Ambient","N/A","Patch_AMB","N/A","Patch",5,0.639,0.737,0.18241275,0.737,0.639,"Circular"
"166",20170717,20170717,-6,"P2","T1","Ambient","N/A","Patch_AMB","N/A","Patch",6,0.743,0.568,0.14648488,0.743,0.568,"Circular"
"167",20170717,20170717,-6,"P2","T1","Ambient","N/A","Patch_AMB","N/A","Patch",7,0.932,0.535,0.20448332,0.932,0.535,"Circular"
"168",20170717,20170717,-6,"P2","T1","Ambient","N/A","Patch_AMB","N/A","Patch",8,0.656,0.572,0.11580258,0.656,0.572,"Circular"
"169",20170717,20170717,-6,"P2","T1","Ambient","N/A","Patch_AMB","N/A","Patch",9,0.886,0.619,0.247381513,0.886,0.619,"Circular"
"170",20170717,20170717,-6,"P2","T1","Ambient","N/A","Patch_AMB","N/A","Patch",10,0.748,0.797,0.292306409,0.797,0.748,"Circular"
"171",20170717,20170717,-6,"P3","T1","Ambient","N/A","Patch_AMB","N/A","Patch",1,0.77,1.043,0.530479452,1.043,0.77,"Circular"
"172",20170717,20170717,-6,"P3","T1","Ambient","N/A","Patch_AMB","N/A","Patch",2,0.71,0.687,0.195681005,0.71,0.687,"Irregular"
"173",20170717,20170717,-6,"P3","T1","Ambient","N/A","Patch_AMB","N/A","Patch",3,0.738,0.737,0.243313496,0.738,0.737,"Circular"
"174",20170717,20170717,-6,"P3","T1","Ambient","N/A","Patch_AMB","N/A","Patch",4,0.764,0.799,0.306477626,0.799,0.764,"Circular"
"175",20170717,20170717,-6,"P3","T1","Ambient","N/A","Patch_AMB","N/A","Patch",5,0.827,0.836,0.393135329,0.836,0.827,"Circular"
"176",20170717,20170717,-6,"P3","T1","Ambient","N/A","Patch_AMB","N/A","Patch",6,1.051,0.862,0.675053919,1.051,0.862,"Irregular"
"177",20170717,20170717,-6,"P3","T1","Ambient","N/A","Patch_AMB","N/A","Patch",7,1.134,1.01,1.07891531,1.134,1.01,"Circular"
"178",20170717,20170717,-6,"P3","T1","Ambient","N/A","Patch_AMB","N/A","Patch",8,0.912,0.858,0.503596556,0.912,0.858,"Circular"
"179",20170717,20170717,-6,"P3","T1","Ambient","N/A","Patch_AMB","N/A","Patch",9,0.751,0.76,0.2679326,0.76,0.751,"Circular"
"180",20170717,20170717,-6,"P3","T1","Ambient","N/A","Patch_AMB","N/A","Patch",10,0.798,0.63,0.207876493,0.798,0.63,"Circular"
"181",20170722,20170722,-1,"P10","T1","Ambient","N/A","Patch_AMB","N/A","Patch",1,0.885,0.868,0.485338218,0.885,0.868,"Circular"
"182",20170722,20170722,-1,"P10","T1","Ambient","N/A","Patch_AMB","N/A","Patch",2,0.979,0.949,0.709931273,0.979,0.949,"Circular"
"183",20170722,20170722,-1,"P10","T1","Ambient","N/A","Patch_AMB","N/A","Patch",3,0.803,0.87,0.401409915,0.87,0.803,"Circular"
"184",20170722,20170722,-1,"P10","T1","Ambient","N/A","Patch_AMB","N/A","Patch",4,0.909,1.072,0.780972671,1.072,0.909,"Circular"
"185",20170722,20170722,-1,"P10","T1","Ambient","N/A","Patch_AMB","N/A","Patch",5,0.747,0.78,0.279221534,0.78,0.747,"Circular"
"186",20170722,20170722,-1,"P10","T1","Ambient","N/A","Patch_AMB","N/A","Patch",6,0.877,0.957,0.579350734,0.957,0.877,"Circular"
"187",20170722,20170722,-1,"P10","T1","Ambient","N/A","Patch_AMB","N/A","Patch",7,0.835,0.901,0.465522881,0.901,0.835,"Circular"
"188",20170722,20170722,-1,"P10","T1","Ambient","N/A","Patch_AMB","N/A","Patch",8,0.833,0.922,0.485143642,0.922,0.833,"Circular"
"189",20170722,20170722,-1,"P10","T1","Ambient","N/A","Patch_AMB","N/A","Patch",9,1.014,0.953,0.768033583,1.014,0.953,"Circular"
"190",20170722,20170722,-1,"P10","T1","Ambient","N/A","Patch_AMB","N/A","Patch",10,1.046,0.935,0.786692646,1.046,0.935,"Circular"
"191",20170723,20170723,0,"P10","T1","Ambient","N/A","Patch_AMB","N/A","Patch",1,0.865,0.725,0.323464577,0.865,0.725,"Circular"
"192",20170723,20170723,0,"P10","T1","Ambient","N/A","Patch_AMB","N/A","Patch",2,0.805,0.858,0.392360099,0.858,0.805,"Circular"
"193",20170723,20170723,0,"P10","T1","Ambient","N/A","Patch_AMB","N/A","Patch",3,0.878,0.748,0.354740462,0.878,0.748,"Circular"
"194",20170723,20170723,0,"P10","T1","Ambient","N/A","Patch_AMB","N/A","Patch",4,0.809,0.786,0.33255282,0.809,0.786,"Circular"
"195",20170723,20170723,0,"P10","T1","Ambient","N/A","Patch_AMB","N/A","Patch",5,1.071,0.939,0.831818597,1.062,0.957,"Circular"
"196",20170723,20170723,0,"P10","T1","Ambient","N/A","Patch_AMB","N/A","Patch",6,0.825,0.753,0.317406889,0.825,0.753,"Circular"
"197",20170723,20170723,0,"P10","T1","Ambient","N/A","Patch_AMB","N/A","Patch",7,0.961,0.961,0.701474761,0.961,0.961,"Circular"
"198",20170723,20170723,0,"P10","T1","Ambient","N/A","Patch_AMB","N/A","Patch",8,0.812,0.794,0.341878321,0.812,0.794,"Circular"
"199",20170723,20170723,0,"P10","T1","Ambient","N/A","Patch_AMB","N/A","Patch",9,0.862,0.932,0.530841485,0.932,0.862,"Circular"
"200",20170723,20170723,0,"P10","T1","Ambient","N/A","Patch_AMB","N/A","Patch",10,1.143,0.908,0.885895829,1.331,1.045,"Circular"
"201",20170713,20170713,-10,"P11","T1","Hot","N/A","Patch_HOT","N/A","Patch",1,0.849,0.863,0.441525175,0.863,0.849,"Circular"
"202",20170713,20170713,-10,"P11","T1","Hot","N/A","Patch_HOT","N/A","Patch",2,0.612,0.492,0.074567838,0.612,0.492,"Circular"
"203",20170713,20170713,-10,"P11","T1","Hot","N/A","Patch_HOT","N/A","Patch",3,0.949,0.977,0.707033598,0.977,0.949,"Circular"
"204",20170713,20170713,-10,"P11","T1","Hot","N/A","Patch_HOT","N/A","Patch",4,1.006,0.512,0.218199817,1.006,0.512,"Pear"
"205",20170713,20170713,-10,"P11","T1","Hot","N/A","Patch_HOT","N/A","Patch",5,0.968,0.569,0.249513327,0.968,0.569,"Pear"
"206",20170713,20170713,-10,"P11","T1","Hot","N/A","Patch_HOT","N/A","Patch",6,0.74,0.514,0.118989373,0.74,0.514,"Circular"
"207",20170713,20170713,-10,"P11","T1","Hot","N/A","Patch_HOT","N/A","Patch",7,1.088,0.534,0.277625149,1.088,0.534,"Pear"
"208",20170713,20170713,-10,"P11","T1","Hot","N/A","Patch_HOT","N/A","Patch",8,1.208,0.581,0.405139542,1.208,0.581,"Pear"
"209",20170713,20170713,-10,"P11","T1","Hot","N/A","Patch_HOT","N/A","Patch",9,1.242,0.612,0.475186983,1.242,0.612,"Pear"
"210",20170713,20170713,-10,"P11","T1","Hot","N/A","Patch_HOT","N/A","Patch",10,1.036,0.783,0.541204669,1.036,0.783,"Circular"
"211",20170713,20170713,-10,"P12","T1","Hot","N/A","Patch_HOT","N/A","Patch",1,0.76,0.824,0.322552273,0.824,0.76,"Circular"
"212",20170713,20170713,-10,"P12","T1","Hot","N/A","Patch_HOT","N/A","Patch",2,0.727,0.744,0.240620814,0.744,0.727,"Circular"
"213",20170713,20170713,-10,"P12","T1","Hot","N/A","Patch_HOT","N/A","Patch",3,0.711,0.706,0.207236908,0.711,0.706,"Circular"
"214",20170713,20170713,-10,"P12","T1","Hot","N/A","Patch_HOT","N/A","Patch",4,0.695,0.73,0.211706323,0.73,0.695,"Circular"
"215",20170713,20170713,-10,"P12","T1","Hot","N/A","Patch_HOT","N/A","Patch",5,0.75,0.754,0.263016938,0.754,0.75,"Circular"
"216",20170713,20170713,-10,"P12","T1","Hot","N/A","Patch_HOT","N/A","Patch",6,0.722,0.701,0.210682727,0.722,0.701,"Circular"
"217",20170713,20170713,-10,"P12","T1","Hot","N/A","Patch_HOT","N/A","Patch",7,0.622,0.596,0.113029495,0.622,0.596,"Circular"
"218",20170713,20170713,-10,"P12","T1","Hot","N/A","Patch_HOT","N/A","Patch",8,0.622,0.596,0.113029495,0.622,0.596,"Circular"
"219",20170713,20170713,-10,"P12","T1","Hot","N/A","Patch_HOT","N/A","Patch",9,0.585,0.492,0.068133459,0.585,0.492,"Circular"
"220",20170713,20170713,-10,"P12","T1","Hot","N/A","Patch_HOT","N/A","Patch",10,0.826,0.743,0.30978203,0.826,0.743,"Circular"
"221",20170713,20170713,-10,"P14","T1","Hot","N/A","Patch_HOT","N/A","Patch",1,0.868,0.642,0.255404183,0.868,0.642,"Circular"
"222",20170713,20170713,-10,"P14","T1","Hot","N/A","Patch_HOT","N/A","Patch",2,0.873,0.551,0.190304994,0.873,0.551,"Circular"
"223",20170713,20170713,-10,"P14","T1","Hot","N/A","Patch_HOT","N/A","Patch",3,1.149,0.586,0.372866863,1.149,0.586,"Pear"
"224",20170713,20170713,-10,"P14","T1","Hot","N/A","Patch_HOT","N/A","Patch",4,0.945,0.975,0.698218494,0.975,0.945,"Circular"
"225",20170713,20170713,-10,"P14","T1","Hot","N/A","Patch_HOT","N/A","Patch",5,0.822,0.841,0.393055725,0.841,0.822,"Circular"
"226",20170713,20170713,-10,"P14","T1","Hot","N/A","Patch_HOT","N/A","Patch",6,0.886,0.508,0.16661472,0.886,0.508,"Circular"
"227",20170713,20170713,-10,"P14","T1","Hot","N/A","Patch_HOT","N/A","Patch",7,1.179,0.715,0.584464575,1.179,0.715,"Pear"
"228",20170713,20170713,-10,"P14","T1","Hot","N/A","Patch_HOT","N/A","Patch",8,1.052,0.507,0.233973083,1.052,0.507,"Pear"
"229",20170713,20170713,-10,"P14","T1","Hot","N/A","Patch_HOT","N/A","Patch",9,0.954,0.456,0.155648498,0.954,0.456,"Pear"
"230",20170713,20170713,-10,"P16","T1","Hot","N/A","Patch_HOT","N/A","Patch",1,0.407,0.486,0.032179542,0.486,0.407,"Circular"
"231",20170713,20170713,-10,"P16","T1","Hot","N/A","Patch_HOT","N/A","Patch",2,0.415,0.407,0.023464079,0.415,0.407,"Circular"
"232",20170713,20170713,-10,"P16","T1","Hot","N/A","Patch_HOT","N/A","Patch",3,0.533,0.514,0.061730409,0.533,0.514,"Circular"
"233",20170713,20170713,-10,"P16","T1","Hot","N/A","Patch_HOT","N/A","Patch",4,0.75,0.397,0.072915866,0.75,0.397,"Pear"
"234",20170713,20170713,-10,"P16","T1","Hot","N/A","Patch_HOT","N/A","Patch",5,0.723,0.448,0.086288143,0.723,0.448,"Irregular"
"235",20170713,20170713,-10,"P16","T1","Hot","N/A","Patch_HOT","N/A","Patch",6,0.529,0.55,0.069623399,0.55,0.529,"Circular"
"236",20170713,20170713,-10,"P16","T1","Hot","N/A","Patch_HOT","N/A","Patch",7,0.448,0.414,0.028292753,0.448,0.414,"Circular"
"237",20170713,20170713,-10,"P16","T1","Hot","N/A","Patch_HOT","N/A","Patch",8,0.486,0.342,0.022721827,0.486,0.342,"Circular"
"238",20170713,20170713,-10,"P16","T1","Hot","N/A","Patch_HOT","N/A","Patch",9,0.665,0.59,0.12660936,0.665,0.59,"Circular"
"239",20170713,20170713,-10,"P16","T1","Hot","N/A","Patch_HOT","N/A","Patch",10,0.583,0.565,0.08923855,0.583,0.565,"Circular"
"240",20170713,20170713,-10,"P17","T1","Hot","N/A","Patch_HOT","N/A","Patch",1,0.84,0.636,0.234742272,0.84,0.636,"Circular"
"241",20170713,20170713,-10,"P17","T1","Hot","N/A","Patch_HOT","N/A","Patch",2,0.753,0.706,0.23244374,0.753,0.706,"Circular"
"242",20170713,20170713,-10,"P17","T1","Hot","N/A","Patch_HOT","N/A","Patch",3,0.599,0.476,0.066863029,0.599,0.476,"Circular"
"243",20170713,20170713,-10,"P17","T1","Hot","N/A","Patch_HOT","N/A","Patch",4,0.595,0.484,0.068209231,0.595,0.484,"Circular"
"244",20170713,20170713,-10,"P17","T1","Hot","N/A","Patch_HOT","N/A","Patch",5,0.82,0.482,0.128481406,0.82,0.482,"Circular"
"245",20170713,20170713,-10,"P17","T1","Hot","N/A","Patch_HOT","N/A","Patch",6,0.612,0.636,0.12460503,0.636,0.612,"Circular"
"246",20170713,20170713,-10,"P17","T1","Hot","N/A","Patch_HOT","N/A","Patch",7,0.611,0.539,0.089202792,0.611,0.539,"Circular"
"247",20170713,20170713,-10,"P17","T1","Hot","N/A","Patch_HOT","N/A","Patch",8,0.552,0.61,0.093251607,0.61,0.552,"Circular"
"248",20170713,20170713,-10,"P17","T1","Hot","N/A","Patch_HOT","N/A","Patch",9,0.721,0.754,0.243070201,0.754,0.721,"Circular"
"249",20170713,20170713,-10,"P17","T1","Hot","N/A","Patch_HOT","N/A","Patch",10,0.626,0.671,0.145114967,0.671,0.626,"Circular"
"250",20170713,20170713,-10,"P19","T1","Hot","N/A","Patch_HOT","N/A","Patch",1,0.744,0.695,0.219904431,0.744,0.695,"Circular"
"251",20170713,20170713,-10,"P19","T1","Hot","N/A","Patch_HOT","N/A","Patch",2,0.636,0.64,0.136267622,0.64,0.636,"Circular"
"252",20170713,20170713,-10,"P19","T1","Hot","N/A","Patch_HOT","N/A","Patch",3,0.694,0.78,0.241005329,0.78,0.694,"Circular"
"253",20170713,20170713,-10,"P19","T1","Hot","N/A","Patch_HOT","N/A","Patch",4,0.769,0.774,0.291375546,0.774,0.769,"Circular"
"254",20170713,20170713,-10,"P19","T1","Hot","N/A","Patch_HOT","N/A","Patch",5,0.689,0.453,0.080122289,0.689,0.453,"Circular"
"255",20170713,20170713,-10,"P19","T1","Hot","N/A","Patch_HOT","N/A","Patch",6,0.473,0.392,0.028275671,0.473,0.392,"Circular"
"256",20170713,20170713,-10,"P19","T1","Hot","N/A","Patch_HOT","N/A","Patch",7,0.508,0.492,0.051377874,0.508,0.492,"Circular"
"257",20170713,20170713,-10,"P19","T1","Hot","N/A","Patch_HOT","N/A","Patch",8,0.407,0.442,0.026616556,0.442,0.407,"Circular"
"258",20170713,20170713,-10,"P19","T1","Hot","N/A","Patch_HOT","N/A","Patch",9,0.532,0.332,0.025657712,0.532,0.332,"Circular"
"259",20170713,20170713,-10,"P19","T1","Hot","N/A","Patch_HOT","N/A","Patch",10,0.751,0.742,0.25539135,0.751,0.742,"Circular"
"260",20170714,20170714,-9,"P11","T1","Hot","N/A","Patch_HOT","N/A","Patch",1,0.777,0.803,0.320178103,0.803,0.777,"Circular"
"261",20170714,20170714,-9,"P11","T1","Hot","N/A","Patch_HOT","N/A","Patch",2,0.656,0.714,0.180435755,0.714,0.656,"Circular"
"262",20170714,20170714,-9,"P11","T1","Hot","N/A","Patch_HOT","N/A","Patch",3,0.653,0.615,0.132646286,0.653,0.615,"Circular"
"263",20170714,20170714,-9,"P11","T1","Hot","N/A","Patch_HOT","N/A","Patch",4,0.627,0.689,0.153494219,0.689,0.627,"Circular"
"264",20170714,20170714,-9,"P11","T1","Hot","N/A","Patch_HOT","N/A","Patch",5,0.62,0.588,0.109309153,0.62,0.588,"Circular"
"265",20170714,20170714,-9,"P11","T1","Hot","N/A","Patch_HOT","N/A","Patch",6,0.804,0.749,0.298259463,0.804,0.749,"Circular"
"266",20170714,20170714,-9,"P11","T1","Hot","N/A","Patch_HOT","N/A","Patch",7,0.708,0.732,0.22090583,0.732,0.708,"Circular"
"267",20170714,20170714,-9,"P11","T1","Hot","N/A","Patch_HOT","N/A","Patch",8,0.451,0.491,0.040330589,0.491,0.451,"Circular"
"268",20170714,20170714,-9,"P11","T1","Hot","N/A","Patch_HOT","N/A","Patch",9,0.833,0.879,0.440946858,0.879,0.833,"Circular"
"269",20170714,20170714,-9,"P11","T1","Hot","N/A","Patch_HOT","N/A","Patch",10,0.64,0.642,0.138850837,0.642,0.64,"Circular"
"270",20170714,20170714,-9,"P12","T1","Hot","N/A","Patch_HOT","N/A","Patch",1,0.759,0.791,0.296452432,0.791,0.759,"Circular"
"271",20170714,20170714,-9,"P12","T1","Hot","N/A","Patch_HOT","N/A","Patch",2,0.755,0.756,0.267951377,0.756,0.755,"Circular"
"272",20170714,20170714,-9,"P12","T1","Hot","N/A","Patch_HOT","N/A","Patch",3,0.988,0.954,0.730683227,0.988,0.954,"Circular"
"273",20170714,20170714,-9,"P12","T1","Hot","N/A","Patch_HOT","N/A","Patch",4,0.996,0.859,0.602037445,0.996,0.859,"Circular"
"274",20170714,20170714,-9,"P12","T1","Hot","N/A","Patch_HOT","N/A","Patch",5,0.901,1.013,0.685152067,1.013,0.901,"Circular"
"275",20170714,20170714,-9,"P12","T1","Hot","N/A","Patch_HOT","N/A","Patch",6,0.969,0.941,0.683825514,0.969,0.941,"Circular"
"276",20170714,20170714,-9,"P12","T1","Hot","N/A","Patch_HOT","N/A","Patch",7,1.009,1.022,0.874586206,1.037,1.019,"Circular"
"277",20170714,20170714,-9,"P12","T1","Hot","N/A","Patch_HOT","N/A","Patch",8,0.901,0.969,0.626925068,0.969,0.901,"Circular"
"278",20170714,20170714,-9,"P12","T1","Hot","N/A","Patch_HOT","N/A","Patch",9,0.969,0.972,0.729623113,0.972,0.969,"Circular"
"279",20170714,20170714,-9,"P12","T1","Hot","N/A","Patch_HOT","N/A","Patch",10,0.914,0.947,0.616184612,0.947,0.914,"Circular"
"280",20170714,20170714,-9,"P14","T1","Hot","N/A","Patch_HOT","N/A","Patch",1,0.896,0.926,0.566182566,0.926,0.896,"Circular"
"281",20170714,20170714,-9,"P14","T1","Hot","N/A","Patch_HOT","N/A","Patch",2,0.848,0.891,0.46953245,0.891,0.848,"Circular"
"282",20170714,20170714,-9,"P14","T1","Hot","N/A","Patch_HOT","N/A","Patch",3,0.793,0.827,0.353733257,0.827,0.793,"Circular"
"283",20170714,20170714,-9,"P14","T1","Hot","N/A","Patch_HOT","N/A","Patch",4,0.844,0.873,0.44651071,0.873,0.844,"Circular"
"284",20170714,20170714,-9,"P14","T1","Hot","N/A","Patch_HOT","N/A","Patch",5,0.777,0.807,0.323375867,0.807,0.777,"Circular"
"285",20170714,20170714,-9,"P14","T1","Hot","N/A","Patch_HOT","N/A","Patch",6,0.725,0.728,0.229116977,0.728,0.725,"Circular"
"286",20170714,20170714,-9,"P14","T1","Hot","N/A","Patch_HOT","N/A","Patch",7,0.777,0.773,0.296701352,0.777,0.773,"Circular"
"287",20170714,20170714,-9,"P14","T1","Hot","N/A","Patch_HOT","N/A","Patch",8,0.63,0.628,0.128741595,0.63,0.628,"Circular"
"288",20170714,20170714,-9,"P14","T1","Hot","N/A","Patch_HOT","N/A","Patch",9,0.814,0.802,0.350522617,0.814,0.802,"Circular"
"289",20170714,20170714,-9,"P14","T1","Hot","N/A","Patch_HOT","N/A","Patch",10,0.728,0.619,0.167017722,0.728,0.619,"Circular"
"290",20170714,20170714,-9,"P15","T1","Hot","N/A","Patch_HOT","N/A","Patch",1,0.674,0.536,0.107341552,0.674,0.536,"Circular"
"291",20170714,20170714,-9,"P15","T1","Hot","N/A","Patch_HOT","N/A","Patch",2,0.36,0.426,0.01934384,0.426,0.36,"Circular"
"292",20170714,20170714,-9,"P15","T1","Hot","N/A","Patch_HOT","N/A","Patch",3,0.687,0.512,0.101758781,0.687,0.512,"Circular"
"293",20170714,20170714,-9,"P15","T1","Hot","N/A","Patch_HOT","N/A","Patch",4,0.732,0.746,0.245255252,0.746,0.732,"Circular"
"294",20170714,20170714,-9,"P15","T1","Hot","N/A","Patch_HOT","N/A","Patch",5,0.669,0.708,0.184517368,0.708,0.669,"Circular"
"295",20170714,20170714,-9,"P15","T1","Hot","N/A","Patch_HOT","N/A","Patch",6,0.732,0.8,0.282046448,0.8,0.732,"Circular"
"296",20170714,20170714,-9,"P15","T1","Hot","N/A","Patch_HOT","N/A","Patch",7,0.608,0.635,0.122595099,0.635,0.608,"Circular"
"297",20170714,20170714,-9,"P15","T1","Hot","N/A","Patch_HOT","N/A","Patch",8,0.664,0.679,0.167183806,0.679,0.664,"Circular"
"298",20170714,20170714,-9,"P15","T1","Hot","N/A","Patch_HOT","N/A","Patch",9,0.538,0.66,0.103698129,0.66,0.538,"Circular"
"299",20170714,20170714,-9,"P15","T1","Hot","N/A","Patch_HOT","N/A","Patch",10,0.571,0.614,0.101094484,0.614,0.571,"Circular"
"300",20170714,20170714,-9,"P16","T1","Hot","N/A","Patch_HOT","N/A","Patch",1,0.653,0.632,0.140080931,0.653,0.632,"Circular"
"301",20170714,20170714,-9,"P16","T1","Hot","N/A","Patch_HOT","N/A","Patch",2,0.783,0.907,0.414817049,0.907,0.783,"Circular"
"302",20170714,20170714,-9,"P16","T1","Hot","N/A","Patch_HOT","N/A","Patch",3,0.788,0.77,0.302797569,0.788,0.77,"Circular"
"303",20170714,20170714,-9,"P16","T1","Hot","N/A","Patch_HOT","N/A","Patch",4,0.7,0.689,0.191316763,0.7,0.689,"Circular"
"304",20170714,20170714,-9,"P16","T1","Hot","N/A","Patch_HOT","N/A","Patch",5,0.736,0.731,0.238072308,0.736,0.731,"Circular"
"305",20170714,20170714,-9,"P16","T1","Hot","N/A","Patch_HOT","N/A","Patch",6,0.548,0.659,0.107263125,0.659,0.548,"Circular"
"306",20170714,20170714,-9,"P16","T1","Hot","N/A","Patch_HOT","N/A","Patch",7,0.594,0.649,0.122230836,0.649,0.594,"Circular"
"307",20170714,20170714,-9,"P16","T1","Hot","N/A","Patch_HOT","N/A","Patch",8,0.636,0.575,0.109993854,0.636,0.575,"Circular"
"308",20170714,20170714,-9,"P16","T1","Hot","N/A","Patch_HOT","N/A","Patch",9,0.6,0.406,0.048805983,0.6,0.406,"Circular"
"309",20170714,20170714,-9,"P16","T1","Hot","N/A","Patch_HOT","N/A","Patch",10,0.614,0.367,0.041762585,0.614,0.367,"Circular"
"310",20170714,20170714,-9,"P17","T1","Hot","N/A","Patch_HOT","N/A","Patch",1,0.94,0.658,0.314648738,0.94,0.658,"Circular"
"311",20170714,20170714,-9,"P17","T1","Hot","N/A","Patch_HOT","N/A","Patch",2,0.6,0.583,0.100637099,0.6,0.583,"Circular"
"312",20170714,20170714,-9,"P17","T1","Hot","N/A","Patch_HOT","N/A","Patch",3,0.744,0.762,0.264346956,0.762,0.744,"Circular"
"313",20170714,20170714,-9,"P17","T1","Hot","N/A","Patch_HOT","N/A","Patch",4,0.677,0.657,0.16271462,0.677,0.657,"Circular"
"314",20170714,20170714,-9,"P17","T1","Hot","N/A","Patch_HOT","N/A","Patch",5,0.708,0.718,0.212536685,0.718,0.708,"Circular"
"315",20170714,20170714,-9,"P17","T1","Hot","N/A","Patch_HOT","N/A","Patch",6,0.772,0.761,0.283871906,0.772,0.761,"Circular"
"316",20170714,20170714,-9,"P17","T1","Hot","N/A","Patch_HOT","N/A","Patch",7,0.721,0.744,0.236665471,0.744,0.721,"Circular"
"317",20170714,20170714,-9,"P17","T1","Hot","N/A","Patch_HOT","N/A","Patch",8,0.627,0.76,0.186758667,0.76,0.627,"Circular"
"318",20170714,20170714,-9,"P17","T1","Hot","N/A","Patch_HOT","N/A","Patch",9,0.63,0.725,0.171583535,0.725,0.63,"Circular"
"319",20170714,20170714,-9,"P17","T1","Hot","N/A","Patch_HOT","N/A","Patch",10,0.77,0.811,0.320731532,0.811,0.77,"Circular"
"320",20170714,20170714,-9,"P18","T1","Hot","N/A","Patch_HOT","N/A","Patch",1,0.586,0.578,0.094355975,0.586,0.578,"Circular"
"321",20170714,20170714,-9,"P18","T1","Hot","N/A","Patch_HOT","N/A","Patch",2,0.657,0.679,0.163677426,0.679,0.657,"Circular"
"322",20170714,20170714,-9,"P18","T1","Hot","N/A","Patch_HOT","N/A","Patch",3,0.616,0.634,0.125446468,0.634,0.616,"Circular"
"323",20170714,20170714,-9,"P18","T1","Hot","N/A","Patch_HOT","N/A","Patch",4,0.767,0.509,0.125355904,0.767,0.509,"Circular"
"324",20170714,20170714,-9,"P18","T1","Hot","N/A","Patch_HOT","N/A","Patch",5,0.727,0.521,0.117994773,0.727,0.521,"Circular"
"325",20170714,20170714,-9,"P18","T1","Hot","N/A","Patch_HOT","N/A","Patch",6,0.843,0.522,0.159262913,0.843,0.522,"Circular"
"326",20170714,20170714,-9,"P18","T1","Hot","N/A","Patch_HOT","N/A","Patch",7,0.843,0.88,0.452625474,0.88,0.843,"Circular"
"327",20170714,20170714,-9,"P18","T1","Hot","N/A","Patch_HOT","N/A","Patch",8,0.679,0.745,0.210460498,0.745,0.679,"Circular"
"328",20170714,20170714,-9,"P18","T1","Hot","N/A","Patch_HOT","N/A","Patch",9,0.749,0.725,0.242525913,0.749,0.725,"Circular"
"329",20170714,20170714,-9,"P18","T1","Hot","N/A","Patch_HOT","N/A","Patch",10,0.8,0.811,0.346210457,0.811,0.8,"Circular"
"330",20170714,20170714,-9,"P19","T1","Hot","N/A","Patch_HOT","N/A","Patch",1,0.685,0.738,0.210190153,0.738,0.685,"Circular"
"331",20170714,20170714,-9,"P19","T1","Hot","N/A","Patch_HOT","N/A","Patch",2,0.765,0.799,0.307280449,0.799,0.765,"Circular"
"332",20170714,20170714,-9,"P19","T1","Hot","N/A","Patch_HOT","N/A","Patch",3,0.691,0.704,0.19463454,0.704,0.691,"Circular"
"333",20170714,20170714,-9,"P19","T1","Hot","N/A","Patch_HOT","N/A","Patch",4,0.569,0.522,0.072557789,0.569,0.522,"Circular"
"334",20170714,20170714,-9,"P19","T1","Hot","N/A","Patch_HOT","N/A","Patch",5,0.664,0.718,0.186940563,0.718,0.664,"Circular"
"335",20170714,20170714,-9,"P19","T1","Hot","N/A","Patch_HOT","N/A","Patch",6,0.613,0.63,0.122664967,0.63,0.613,"Circular"
"336",20170714,20170714,-9,"P19","T1","Hot","N/A","Patch_HOT","N/A","Patch",7,0.738,0.65,0.189259608,0.738,0.65,"Circular"
"337",20170714,20170714,-9,"P19","T1","Hot","N/A","Patch_HOT","N/A","Patch",8,0.694,0.726,0.208790475,0.726,0.694,"Circular"
"338",20170714,20170714,-9,"P19","T1","Hot","N/A","Patch_HOT","N/A","Patch",9,0.669,0.718,0.189766533,0.718,0.669,"Circular"
"339",20170714,20170714,-9,"P19","T1","Hot","N/A","Patch_HOT","N/A","Patch",10,0.663,0.675,0.164722567,0.675,0.663,"Circular"
"340",20170714,20170714,-9,"P20","T1","Hot","N/A","Patch_HOT","N/A","Patch",1,1.164,0.553,0.34078049,1.164,0.553,"Pear"
"341",20170714,20170714,-9,"P20","T1","Hot","N/A","Patch_HOT","N/A","Patch",2,0.969,0.589,0.267914762,0.969,0.589,"Circular"
"342",20170714,20170714,-9,"P20","T1","Hot","N/A","Patch_HOT","N/A","Patch",3,0.915,0.891,0.546658488,0.915,0.891,"Circular"
"343",20170714,20170714,-9,"P20","T1","Hot","N/A","Patch_HOT","N/A","Patch",4,0.977,0.942,0.696641644,0.977,0.942,"Circular"
"344",20170714,20170714,-9,"P20","T1","Hot","N/A","Patch_HOT","N/A","Patch",5,0.864,0.932,0.533307645,0.932,0.864,"Circular"
"345",20170714,20170714,-9,"P20","T1","Hot","N/A","Patch_HOT","N/A","Patch",6,0.957,0.721,0.39157315,0.957,0.721,"Circular"
"346",20170714,20170714,-9,"P20","T1","Hot","N/A","Patch_HOT","N/A","Patch",7,0.805,0.697,0.258926092,0.805,0.697,"Circular"
"347",20170714,20170714,-9,"P20","T1","Hot","N/A","Patch_HOT","N/A","Patch",8,0.91,0.916,0.571468414,0.916,0.91,"Circular"
"348",20170714,20170714,-9,"P20","T1","Hot","N/A","Patch_HOT","N/A","Patch",9,1.243,0.629,0.50276154,1.243,0.629,"Circular"
"349",20170714,20170714,-9,"P20","T1","Hot","N/A","Patch_HOT","N/A","Patch",10,0.944,0.914,0.612286775,0.944,0.914,"Circular"
"350",20170715,20170715,-8,"P11","T1","Hot","N/A","Patch_HOT","N/A","Patch",1,0.844,0.492,0.141818732,0.844,0.492,"Circular"
"351",20170715,20170715,-8,"P11","T1","Hot","N/A","Patch_HOT","N/A","Patch",2,0.925,0.532,0.199170599,0.925,0.532,"Circular"
"352",20170715,20170715,-8,"P11","T1","Hot","N/A","Patch_HOT","N/A","Patch",3,0.907,0.658,0.292944171,0.907,0.658,"Circular"
"353",20170715,20170715,-8,"P11","T1","Hot","N/A","Patch_HOT","N/A","Patch",4,0.953,0.588,0.258261074,0.953,0.588,"Circular"
"354",20170715,20170715,-8,"P11","T1","Hot","N/A","Patch_HOT","N/A","Patch",5,0.924,0.938,0.617828757,0.938,0.924,"Circular"
"355",20170715,20170715,-8,"P11","T1","Hot","N/A","Patch_HOT","N/A","Patch",6,0.809,0.804,0.347958652,0.809,0.804,"Circular"
"356",20170715,20170715,-8,"P11","T1","Hot","N/A","Patch_HOT","N/A","Patch",7,1.15,0.48,0.250608995,1.15,0.48,"Pear"
"357",20170715,20170715,-8,"P11","T1","Hot","N/A","Patch_HOT","N/A","Patch",8,1.071,0.557,0.292689964,1.071,0.557,"Pear"
"358",20170715,20170715,-8,"P11","T1","Hot","N/A","Patch_HOT","N/A","Patch",9,0.846,0.609,0.218320145,0.846,0.609,"Circular"
"359",20170715,20170715,-8,"P11","T1","Hot","N/A","Patch_HOT","N/A","Patch",10,0.959,0.646,0.31566087,0.959,0.646,"Circular"
"360",20170715,20170715,-8,"P17","T1","Hot","N/A","Patch_HOT","N/A","Patch",1,0.857,0.912,0.502423356,0.912,0.857,"Circular"
"361",20170715,20170715,-8,"P17","T1","Hot","N/A","Patch_HOT","N/A","Patch",2,1.053,0.887,0.717500952,1.053,0.887,"Circular"
"362",20170715,20170715,-8,"P17","T1","Hot","N/A","Patch_HOT","N/A","Patch",3,1.066,1.025,0.98193025,1.056,1.037,"Circular"
"363",20170715,20170715,-8,"P17","T1","Hot","N/A","Patch_HOT","N/A","Patch",4,0.637,0.629,0.132037914,0.637,0.629,"Circular"
"364",20170715,20170715,-8,"P17","T1","Hot","N/A","Patch_HOT","N/A","Patch",5,0.955,0.934,0.654363392,0.955,0.934,"Circular"
"365",20170715,20170715,-8,"P17","T1","Hot","N/A","Patch_HOT","N/A","Patch",6,0.865,0.985,0.597067147,0.985,0.865,"Circular"
"366",20170715,20170715,-8,"P17","T1","Hot","N/A","Patch_HOT","N/A","Patch",7,0.871,0.956,0.570256959,0.956,0.871,"Circular"
"367",20170715,20170715,-8,"P17","T1","Hot","N/A","Patch_HOT","N/A","Patch",8,0.646,0.623,0.133216994,0.646,0.623,"Circular"
"368",20170715,20170715,-8,"P17","T1","Hot","N/A","Patch_HOT","N/A","Patch",9,0.969,1.026,0.812944271,1.026,0.969,"Circular"
"369",20170715,20170715,-8,"P17","T1","Hot","N/A","Patch_HOT","N/A","Patch",10,0.484,0.626,0.075501901,0.626,0.484,"Circular"
"370",20170715,20170715,-8,"P19","T1","Hot","N/A","Patch_HOT","N/A","Patch",1,0.534,0.617,0.089283528,0.617,0.534,"Circular"
"371",20170715,20170715,-8,"P19","T1","Hot","N/A","Patch_HOT","N/A","Patch",2,0.496,0.465,0.043750977,0.496,0.465,"Circular"
"372",20170715,20170715,-8,"P19","T1","Hot","N/A","Patch_HOT","N/A","Patch",3,0.725,0.623,0.167791751,0.725,0.623,"Circular"
"373",20170715,20170715,-8,"P19","T1","Hot","N/A","Patch_HOT","N/A","Patch",4,0.595,0.595,0.103082837,0.595,0.595,"Circular"
"374",20170715,20170715,-8,"P19","T1","Hot","N/A","Patch_HOT","N/A","Patch",5,0.531,0.547,0.069387652,0.547,0.531,"Circular"
"375",20170715,20170715,-8,"P19","T1","Hot","N/A","Patch_HOT","N/A","Patch",6,0.529,0.531,0.064896143,0.531,0.529,"Circular"
"376",20170715,20170715,-8,"P19","T1","Hot","N/A","Patch_HOT","N/A","Patch",7,0.634,0.603,0.120207521,0.634,0.603,"Circular"
"377",20170715,20170715,-8,"P19","T1","Hot","N/A","Patch_HOT","N/A","Patch",8,0.641,0.63,0.134126829,0.641,0.63,"Circular"
"378",20170715,20170715,-8,"P19","T1","Hot","N/A","Patch_HOT","N/A","Patch",9,0.429,0.418,0.026447562,0.429,0.418,"Circular"
"379",20170715,20170715,-8,"P19","T1","Hot","N/A","Patch_HOT","N/A","Patch",10,0.611,0.62,0.118027796,0.62,0.611,"Circular"
"380",20170715,20170715,-8,"P20","T1","Hot","N/A","Patch_HOT","N/A","Patch",1,0.637,0.605,0.122154118,0.637,0.605,"Circular"
"381",20170715,20170715,-8,"P20","T1","Hot","N/A","Patch_HOT","N/A","Patch",2,0.998,0.907,0.673897982,0.998,0.907,"Circular"
"382",20170715,20170715,-8,"P20","T1","Hot","N/A","Patch_HOT","N/A","Patch",3,1.175,0.51,0.295348374,1.175,0.51,"Pear"
"383",20170715,20170715,-8,"P20","T1","Hot","N/A","Patch_HOT","N/A","Patch",4,0.807,0.531,0.151027005,0.807,0.531,"Circular"
"384",20170715,20170715,-8,"P20","T1","Hot","N/A","Patch_HOT","N/A","Patch",5,1.6,0.489,0.503472997,1.6,0.489,"Pear"
"385",20170715,20170715,-8,"P20","T1","Hot","N/A","Patch_HOT","N/A","Patch",6,1.686,0.456,0.486142204,1.686,0.456,"Pear"
"386",20170715,20170715,-8,"P20","T1","Hot","N/A","Patch_HOT","N/A","Patch",7,1.238,0.707,0.630084239,1.238,0.707,"Circular"
"387",20170715,20170715,-8,"P20","T1","Hot","N/A","Patch_HOT","N/A","Patch",8,0.969,0.901,0.626925068,0.969,0.901,"Circular"
"388",20170715,20170715,-8,"P20","T1","Hot","N/A","Patch_HOT","N/A","Patch",9,1,0.938,0.723642685,1,0.938,"Circular"
"389",20170715,20170715,-8,"P20","T1","Hot","N/A","Patch_HOT","N/A","Patch",10,0.889,0.929,0.560987842,0.929,0.889,"Circular"
